Position,Const,Created,Modified,Description,Title,URL,Title Type,IMDb Rating,Runtime (mins),Year,Genres,Num Votes,Release Date,Directors,Your Rating,Date Rated
1,tt1675434,2013-11-30,2013-11-30,,Intouchables,https://www.imdb.com/title/tt1675434/,movie,8.5,112,2011,"Biography, Comedy, Drama",720181,2011-09-23,"Olivier Nakache, Éric Toledano",,
2,tt2205697,2014-05-01,2014-05-01,,Stuck in Love.,https://www.imdb.com/title/tt2205697/,movie,7.2,97,2012,"Comedy, Drama, Romance",81253,2012-09-09,Josh Boone,,
3,tt1723121,2014-06-20,2014-06-20,,We're the Millers,https://www.imdb.com/title/tt1723121/,movie,7,110,2013,"Comedy, Crime",387681,2013-08-03,Rawson Marshall Thurber,,
4,tt1219289,2014-10-15,2014-10-15,,Limitless,https://www.imdb.com/title/tt1219289/,movie,7.4,105,2011,"Sci-Fi, Thriller",511234,2011-03-08,Neil Burger,,
5,tt0104952,2014-11-14,2014-11-14,,My Cousin Vinny,https://www.imdb.com/title/tt0104952/,movie,7.6,120,1992,"Comedy, Crime",101334,1992-03-13,Jonathan Lynn,,
6,tt0141842,2014-11-18,2014-11-18,,The Sopranos,https://www.imdb.com/title/tt0141842/,tvSeries,9.2,55,1999,"Crime, Drama",274306,1999-01-10,,,
7,tt1798709,2014-11-27,2014-11-27,,Her,https://www.imdb.com/title/tt1798709/,movie,8,126,2013,"Drama, Romance, Sci-Fi",507905,2013-10-12,Spike Jonze,,
8,tt0045152,2014-12-02,2014-12-02,,Singin' in the Rain,https://www.imdb.com/title/tt0045152/,movie,8.3,103,1952,"Comedy, Musical, Romance",207941,1952-03-27,"Gene Kelly, Stanley Donen",,
9,tt0311289,2014-12-22,2014-12-22,,Holes,https://www.imdb.com/title/tt0311289/,movie,7,117,2003,"Adventure, Comedy, Drama, Family, Mystery",73798,2003-04-11,Andrew Davis,,
10,tt1853728,2014-12-22,2014-12-22,,Django Unchained,https://www.imdb.com/title/tt1853728/,movie,8.4,165,2012,"Drama, Western",1285173,2012-12-11,Quentin Tarantino,9,2020-03-17
11,tt0137523,2014-12-24,2014-12-24,,Fight Club,https://www.imdb.com/title/tt0137523/,movie,8.8,139,1999,Drama,1771037,1999-09-10,David Fincher,,
12,tt0276751,2015-01-02,2015-01-02,,About a Boy,https://www.imdb.com/title/tt0276751/,movie,7,101,2002,"Comedy, Drama, Romance",166777,2002-04-26,"Paul Weitz, Chris Weitz",,
13,tt2084970,2015-01-02,2015-01-02,,The Imitation Game,https://www.imdb.com/title/tt2084970/,movie,8,114,2014,"Biography, Drama, Thriller, War",652150,2014-08-29,Morten Tyldum,,
14,tt2582802,2015-01-02,2015-01-02,,Whiplash,https://www.imdb.com/title/tt2582802/,movie,8.5,106,2014,"Drama, Music",668935,2014-01-16,Damien Chazelle,,
15,tt0283226,2015-01-17,2015-01-17,,Totally Spies!,https://www.imdb.com/title/tt0283226/,tvSeries,7,22,2001,"Animation, Action, Adventure, Comedy, Mystery",8223,2001-11-03,,,
16,tt0343314,2015-01-17,2015-01-17,,Teen Titans,https://www.imdb.com/title/tt0343314/,tvSeries,7.8,30,2003,"Animation, Action, Adventure, Thriller",24694,2003-07-19,,8,2015-01-17
17,tt2292621,2015-01-18,2015-01-18,,Burning Love,https://www.imdb.com/title/tt2292621/,tvSeries,7.9,23,2012,"Comedy, Romance",3411,2012-06-04,,9,2016-07-24
18,tt2788710,2015-01-30,2015-01-30,,The Interview,https://www.imdb.com/title/tt2788710/,movie,6.5,112,2014,"Action, Adventure, Comedy",296591,2014-12-11,"Evan Goldberg, Seth Rogen",,
19,tt1632701,2015-02-05,2015-02-05,,Suits,https://www.imdb.com/title/tt1632701/,tvSeries,8.5,44,2011,"Comedy, Drama",345427,2011-06-23,,8,2016-08-12
20,tt3551096,2015-02-22,2015-02-22,,Fresh Off the Boat,https://www.imdb.com/title/tt3551096/,tvSeries,7.8,22,2015,Comedy,20950,2015-02-04,,10,2019-08-06
21,tt1856010,2015-03-07,2015-03-07,,House of Cards,https://www.imdb.com/title/tt1856010/,tvSeries,8.8,51,2013,Drama,448807,2013-02-01,,9,2016-01-26
22,tt0052520,2015-03-12,2015-03-12,,The Twilight Zone,https://www.imdb.com/title/tt0052520/,tvSeries,9,51,1959,"Drama, Fantasy, Horror, Mystery, Sci-Fi, Thriller",66438,1959-10-02,,,
23,tt2267998,2015-05-26,2015-05-26,,Gone Girl,https://www.imdb.com/title/tt2267998/,movie,8.1,149,2014,"Drama, Mystery, Thriller",810602,2014-09-26,David Fincher,,
24,tt0386676,2015-09-19,2015-09-19,,The Office,https://www.imdb.com/title/tt0386676/,tvSeries,8.9,22,2005,Comedy,349884,2005-03-24,,10,2019-08-06
25,tt2431438,2015-12-07,2015-12-07,,Sense8,https://www.imdb.com/title/tt2431438/,tvSeries,8.3,60,2015,"Drama, Mystery, Sci-Fi, Thriller",131074,2015-06-05,,10,2016-09-10
26,tt1358522,2016-01-09,2016-01-09,,White Collar,https://www.imdb.com/title/tt1358522/,tvSeries,8.2,40,2009,"Comedy, Crime, Drama, Mystery",113962,2009-10-23,,8,2016-08-12
27,tt3502172,2016-01-11,2016-01-11,,Mozart in the Jungle,https://www.imdb.com/title/tt3502172/,tvSeries,8.2,29,2014,"Comedy, Drama, Music",21471,2014-02-06,,,
28,tt1895587,2016-01-18,2016-01-18,,Spotlight,https://www.imdb.com/title/tt1895587/,movie,8.1,129,2015,"Biography, Crime, Drama",393736,2015-09-03,Tom McCarthy,,
29,tt4254242,2016-01-24,2016-01-24,,The Magicians,https://www.imdb.com/title/tt4254242/,tvSeries,7.6,60,2015,"Drama, Fantasy, Mystery",40292,2015-12-16,,,
30,tt0259446,2016-03-24,2016-03-24,,My Big Fat Greek Wedding,https://www.imdb.com/title/tt0259446/,movie,6.5,95,2002,"Comedy, Drama, Romance",116489,2002-02-22,Joel Zwick,,
31,tt0099685,2016-03-24,2016-03-24,,Goodfellas,https://www.imdb.com/title/tt0099685/,movie,8.7,146,1990,"Biography, Crime, Drama",966983,1990-09-09,Martin Scorsese,,
32,tt0033467,2016-05-29,2016-05-29,,Citizen Kane,https://www.imdb.com/title/tt0033467/,movie,8.3,119,1941,"Drama, Mystery",380644,1941-05-01,Orson Welles,,
33,tt1605783,2016-07-14,2016-07-14,,Midnight in Paris,https://www.imdb.com/title/tt1605783/,movie,7.7,96,2011,"Comedy, Fantasy, Romance",371164,2011-05-11,Woody Allen,,
34,tt3205802,2016-07-22,2016-07-22,,How to Get Away with Murder,https://www.imdb.com/title/tt3205802/,tvSeries,8.1,43,2014,"Crime, Drama, Mystery, Thriller",113402,2014-09-25,,,
35,tt1410063,2016-08-02,2016-08-02,,Jin ling shi san chai,https://www.imdb.com/title/tt1410063/,movie,7.6,146,2011,"Drama, History, Romance, War",47666,2011-12-11,Yimou Zhang,,
36,tt4158110,2016-08-11,2016-08-11,,Mr. Robot,https://www.imdb.com/title/tt4158110/,tvSeries,8.5,49,2015,"Crime, Drama, Thriller",310907,2015-03-17,,10,2017-01-20
37,tt1655441,2016-08-11,2016-08-11,,The Age of Adaline,https://www.imdb.com/title/tt1655441/,movie,7.2,112,2015,"Drama, Fantasy, Romance",147059,2015-04-08,Lee Toland Krieger,,
38,tt0832266,2016-09-07,2016-09-07,,"Definitely, Maybe",https://www.imdb.com/title/tt0832266/,movie,7.1,112,2008,"Comedy, Drama, Romance",150750,2008-01-24,Adam Brooks,,
39,tt2404435,2016-09-18,2016-09-18,,The Magnificent Seven,https://www.imdb.com/title/tt2404435/,movie,6.9,132,2016,"Action, Adventure, Western",177361,2016-09-08,Antoine Fuqua,,
40,tt2575988,2016-09-18,2016-09-18,,Silicon Valley,https://www.imdb.com/title/tt2575988/,tvSeries,8.5,28,2014,Comedy,117144,2014-04-06,,,
41,tt0209144,2016-09-20,2016-09-20,,Memento,https://www.imdb.com/title/tt0209144/,movie,8.4,113,2000,"Mystery, Thriller",1076522,2000-09-05,Christopher Nolan,,
42,tt0274558,2016-09-20,2016-09-20,,The Hours,https://www.imdb.com/title/tt0274558/,movie,7.5,110,2002,"Drama, Romance",120573,2002-12-15,Stephen Daldry,,
43,tt0052357,2016-09-20,2016-09-20,,Vertigo,https://www.imdb.com/title/tt0052357/,movie,8.3,128,1958,"Mystery, Romance, Thriller",341294,1958-05-09,Alfred Hitchcock,,
44,tt0427312,2016-10-03,2016-10-03,,Grizzly Man,https://www.imdb.com/title/tt0427312/,movie,7.8,103,2005,"Documentary, Biography",50479,2005-01-24,Werner Herzog,,
45,tt1093824,2016-10-03,2016-10-03,,Encounters at the End of the World,https://www.imdb.com/title/tt1093824/,movie,7.7,99,2007,Documentary,16667,2007-09-01,Werner Herzog,,
46,tt0095953,2016-10-06,2016-10-06,,Rain Man,https://www.imdb.com/title/tt0095953/,movie,8,133,1988,Drama,457648,1988-12-12,Barry Levinson,,
47,tt0092099,2016-10-20,2016-10-20,,Top Gun,https://www.imdb.com/title/tt0092099/,movie,6.9,110,1986,"Action, Drama",277724,1986-05-12,Tony Scott,,
48,tt4635276,2016-10-22,2016-10-22,,Master of None,https://www.imdb.com/title/tt4635276/,tvSeries,8.3,30,2015,Comedy,61533,2015-11-06,,,
49,tt0799954,2016-10-27,2016-10-27,,The Bridge,https://www.imdb.com/title/tt0799954/,movie,7.2,94,2006,"Documentary, Drama",10759,2006-04-27,Eric Steel,,
50,tt2085059,2016-12-05,2016-12-05,,Black Mirror,https://www.imdb.com/title/tt2085059/,tvSeries,8.8,60,2011,"Drama, Sci-Fi, Thriller",393797,2011-12-04,,9,2019-08-06
51,tt0804503,2016-12-07,2016-12-07,,Mad Men,https://www.imdb.com/title/tt0804503/,tvSeries,8.6,47,2007,Drama,193358,2007-07-19,,,
52,tt0038650,2016-12-20,2016-12-20,,It's a Wonderful Life,https://www.imdb.com/title/tt0038650/,movie,8.6,130,1946,"Drama, Family, Fantasy",380224,1946-12-20,Frank Capra,,
53,tt4276820,2016-12-29,2016-12-29,,The Founder,https://www.imdb.com/title/tt4276820/,movie,7.2,115,2016,"Biography, Drama, History",110282,2016-11-24,John Lee Hancock,,
54,tt1615147,2016-12-29,2016-12-29,,Margin Call,https://www.imdb.com/title/tt1615147/,movie,7.1,107,2011,"Drama, Thriller",111632,2011-01-25,J.C. Chandor,,
55,tt0132477,2016-12-29,2016-12-29,,October Sky,https://www.imdb.com/title/tt0132477/,movie,7.8,108,1999,"Biography, Drama, Family",78423,1999-02-19,Joe Johnston,,
56,tt2080374,2016-12-29,2016-12-29,,Steve Jobs,https://www.imdb.com/title/tt2080374/,movie,7.2,122,2015,"Biography, Drama",146538,2015-09-05,Danny Boyle,,
57,tt1878870,2017-01-03,2017-01-03,,The Edge of Seventeen,https://www.imdb.com/title/tt1878870/,movie,7.3,104,2016,"Comedy, Drama",96107,2016-09-16,Kelly Fremon Craig,,
58,tt3538760,2017-01-05,2017-01-05,,Sherlock: The Six Thatchers,https://www.imdb.com/title/tt3538760/,tvEpisode,7.6,88,2017,"Crime, Drama, Mystery, Thriller",21364,2017-01-01,Rachel Talalay,,
59,tt1193138,2017-01-07,2017-01-07,,Up in the Air,https://www.imdb.com/title/tt1193138/,movie,7.4,109,2009,"Comedy, Drama, Romance",309847,2009-09-05,Jason Reitman,,
60,tt0427944,2017-01-07,2017-01-07,,Thank You for Smoking,https://www.imdb.com/title/tt0427944/,movie,7.6,92,2005,"Comedy, Drama",209531,2005-09-09,Jason Reitman,,
61,tt4834206,2017-01-19,2017-01-19,,A Series of Unfortunate Events,https://www.imdb.com/title/tt4834206/,tvSeries,7.8,50,2017,"Adventure, Comedy, Drama, Family, Mystery",50342,2017-01-11,,,
62,tt1219024,2017-01-23,2017-01-23,,Castle,https://www.imdb.com/title/tt1219024/,tvSeries,8.1,43,2009,"Comedy, Crime, Drama, Mystery, Romance",136336,2009-03-09,,,
63,tt2119532,2017-03-15,2017-03-15,,Hacksaw Ridge,https://www.imdb.com/title/tt2119532/,movie,8.1,139,2016,"Biography, Drama, History, War",402962,2016-09-04,Mel Gibson,,
64,tt0332379,2017-04-03,2017-04-03,,The School of Rock,https://www.imdb.com/title/tt0332379/,movie,7.1,109,2003,"Comedy, Music",256560,2003-09-09,Richard Linklater,,
65,tt0061722,2017-05-05,2017-05-05,,The Graduate,https://www.imdb.com/title/tt0061722/,movie,8,106,1967,"Comedy, Drama, Romance",245982,1967-12-20,Mike Nichols,,
66,tt2084712,2017-05-07,2017-05-07,,Young & Hungry,https://www.imdb.com/title/tt2084712/,tvSeries,7.4,22,2014,"Comedy, Drama, Romance",13304,2014-06-25,,,
67,tt3564472,2017-08-02,2017-08-02,,Girls Trip,https://www.imdb.com/title/tt3564472/,movie,6.2,122,2017,"Adventure, Comedy, Drama",32310,2017-07-21,Malcolm D. Lee,,
68,tt5013056,2017-08-02,2017-08-02,,Dunkirk,https://www.imdb.com/title/tt5013056/,movie,7.9,106,2017,"Action, Drama, History, Thriller, War",511191,2017-07-13,Christopher Nolan,,
69,tt0439100,2017-08-05,2017-08-05,,Weeds,https://www.imdb.com/title/tt0439100/,tvSeries,7.9,28,2005,"Comedy, Crime, Drama",100013,2005-08-07,,,
70,tt0376541,2017-10-06,2017-10-06,,Closer,https://www.imdb.com/title/tt0376541/,movie,7.2,104,2004,"Drama, Romance",196723,2004-11-22,Mike Nichols,,
71,tt0100405,2017-10-06,2017-10-06,,Pretty Woman,https://www.imdb.com/title/tt0100405/,movie,7,119,1990,"Comedy, Romance",275109,1990-03-23,Garry Marshall,,
72,tt1759761,2017-10-30,2017-10-30,,Veep,https://www.imdb.com/title/tt1759761/,tvSeries,8.3,28,2012,Comedy,41382,2012-04-22,,,
73,tt5290382,2017-10-30,2017-10-30,,Mindhunter,https://www.imdb.com/title/tt5290382/,tvSeries,8.6,60,2017,"Crime, Drama, Thriller",184134,2017-10-13,,,
74,tt0112573,2017-11-02,2017-11-02,,Braveheart,https://www.imdb.com/title/tt0112573/,movie,8.3,178,1995,"Biography, Drama, History, War",927325,1995-05-18,Mel Gibson,,
75,tt0111161,2017-11-02,2017-11-02,,The Shawshank Redemption,https://www.imdb.com/title/tt0111161/,movie,9.3,142,1994,Drama,2221637,1994-09-10,Frank Darabont,,
76,tt0110912,2017-11-02,2017-11-02,,Pulp Fiction,https://www.imdb.com/title/tt0110912/,movie,8.9,154,1994,"Crime, Drama",1743045,1994-05-21,Quentin Tarantino,,
77,tt1856101,2017-11-12,2017-11-12,,Blade Runner 2049,https://www.imdb.com/title/tt1856101/,movie,8,164,2017,"Action, Drama, Mystery, Sci-Fi, Thriller",424215,2017-10-03,Denis Villeneuve,,
78,tt4687892,2018-01-16,2018-01-16,,Good Girls Revolt,https://www.imdb.com/title/tt4687892/,tvSeries,8.2,55,2015,Drama,4787,2015-11-04,,,
79,tt5788792,2018-01-16,2018-01-16,,The Marvelous Mrs. Maisel,https://www.imdb.com/title/tt5788792/,tvSeries,8.7,57,2017,"Comedy, Drama",66060,2017-03-17,,9,2020-03-17
80,tt4555426,2018-01-17,2018-01-17,,Darkest Hour,https://www.imdb.com/title/tt4555426/,movie,7.4,125,2017,"Biography, Drama, History, War",157285,2017-09-01,Joe Wright,,
81,tt0427327,2018-01-25,2018-01-25,,Hairspray,https://www.imdb.com/title/tt0427327/,movie,6.6,117,2007,"Comedy, Drama, Musical, Romance",116378,2007-07-10,Adam Shankman,,
82,tt4270492,2018-02-24,2018-02-24,,Billions,https://www.imdb.com/title/tt4270492/,tvSeries,8.4,60,2016,Drama,61661,2016-01-01,,9,2020-03-17
83,tt1119644,2018-03-02,2018-03-02,,Fringe,https://www.imdb.com/title/tt1119644/,tvSeries,8.4,46,2008,"Drama, Mystery, Sci-Fi, Thriller",212821,2008-09-09,,,
84,tt5027774,2018-03-04,2018-03-04,,"Three Billboards Outside Ebbing, Missouri",https://www.imdb.com/title/tt5027774/,movie,8.2,115,2017,"Comedy, Crime, Drama",392901,2017-09-04,Martin McDonagh,,
85,tt0457430,2018-03-06,2018-03-06,,El laberinto del fauno,https://www.imdb.com/title/tt0457430/,movie,8.2,118,2006,"Drama, Fantasy, War",596185,2006-05-27,Guillermo del Toro,,
86,tt1475582,2018-03-10,2018-03-10,,Sherlock,https://www.imdb.com/title/tt1475582/,tvSeries,9.1,88,2010,"Crime, Drama, Mystery, Thriller",755804,2010-07-22,,9,2015-01-18
87,tt1837492,2018-03-10,2018-03-10,,13 Reasons Why,https://www.imdb.com/title/tt1837492/,tvSeries,7.8,60,2017,"Drama, Mystery",234764,2017-03-31,,,
88,tt6294822,2018-03-19,2018-03-19,,The Post,https://www.imdb.com/title/tt6294822/,movie,7.2,116,2017,"Biography, Drama, History, Thriller",123593,2017-12-14,Steven Spielberg,,
89,tt2261227,2018-03-22,2018-03-22,,Altered Carbon,https://www.imdb.com/title/tt2261227/,tvSeries,8.1,60,2018,"Action, Drama, Sci-Fi, Thriller",130025,2018-01-11,,,
90,tt0898266,2018-04-18,2018-04-18,,The Big Bang Theory,https://www.imdb.com/title/tt0898266/,tvSeries,8.1,22,2007,"Comedy, Romance",684814,2006-05-01,,,
91,tt1439629,2018-04-18,2018-04-18,,Community,https://www.imdb.com/title/tt1439629/,tvSeries,8.5,22,2009,Comedy,186248,2009-09-17,,,
92,tt3487382,2018-05-06,2018-05-06,,Forever,https://www.imdb.com/title/tt3487382/,tvSeries,8.3,43,2014,"Crime, Drama, Fantasy, Mystery, Sci-Fi",51174,2014-09-22,,,
93,tt0080678,2018-05-13,2018-05-13,,The Elephant Man,https://www.imdb.com/title/tt0080678/,movie,8.1,124,1980,"Biography, Drama",209367,1980-10-02,David Lynch,,
94,tt0401792,2018-06-01,2018-06-01,,Sin City,https://www.imdb.com/title/tt0401792/,movie,8,124,2005,"Crime, Thriller",728099,2005-03-28,"Frank Miller, Quentin Tarantino, Robert Rodriguez",,
95,tt5348176,2018-06-01,2018-06-01,,Barry,https://www.imdb.com/title/tt5348176/,tvSeries,8.3,30,2018,"Action, Comedy, Crime, Drama",36604,2018-03-09,,8,2018-09-15
96,tt3339966,2018-06-29,2018-06-29,,Unbreakable Kimmy Schmidt,https://www.imdb.com/title/tt3339966/,tvSeries,7.6,30,2015,"Comedy, Drama",59332,2015-03-06,,,
97,tt1375666,2018-07-06,2018-07-06,,Inception,https://www.imdb.com/title/tt1375666/,movie,8.8,148,2010,"Action, Adventure, Sci-Fi, Thriller",1948206,2010-07-08,Christopher Nolan,,
98,tt0086250,2018-07-06,2018-07-06,,Scarface,https://www.imdb.com/title/tt0086250/,movie,8.3,170,1983,"Crime, Drama",703497,1983-12-01,Brian De Palma,,
99,tt0093058,2018-07-06,2018-07-06,,Full Metal Jacket,https://www.imdb.com/title/tt0093058/,movie,8.3,116,1987,"Drama, War",643679,1987-06-17,Stanley Kubrick,,
100,tt0119094,2018-07-08,2018-07-08,,Face/Off,https://www.imdb.com/title/tt0119094/,movie,7.3,138,1997,"Action, Crime, Sci-Fi, Thriller",338243,1997-06-19,John Woo,,
101,tt0075148,2018-07-16,2018-07-16,,Rocky,https://www.imdb.com/title/tt0075148/,movie,8.1,120,1976,"Drama, Sport",496301,1976-11-20,John G. Avildsen,,
102,tt0070511,2018-07-21,2018-07-21,,Papillon,https://www.imdb.com/title/tt0070511/,movie,8,151,1973,"Biography, Crime, Drama",117222,1973-12-16,Franklin J. Schaffner,,
103,tt5776858,2018-07-23,2018-07-23,,Phantom Thread,https://www.imdb.com/title/tt5776858/,movie,7.5,130,2017,"Drama, Romance",100633,2017-11-24,Paul Thomas Anderson,,
104,tt0470752,2018-08-11,2018-08-11,,Ex Machina,https://www.imdb.com/title/tt0470752/,movie,7.7,108,2014,"Drama, Mystery, Sci-Fi, Thriller",449985,2014-12-16,Alex Garland,,
105,tt0088128,2018-08-18,2018-08-18,,Sixteen Candles,https://www.imdb.com/title/tt0088128/,movie,7.1,93,1984,"Comedy, Romance",99417,1984-05-04,John Hughes,,
106,tt0087469,2018-09-15,2018-09-15,,Indiana Jones and the Temple of Doom,https://www.imdb.com/title/tt0087469/,movie,7.6,118,1984,"Action, Adventure",427908,1984-05-08,Steven Spielberg,,
107,tt7016936,2018-09-18,2018-09-18,,Killing Eve,https://www.imdb.com/title/tt7016936/,tvSeries,8.3,42,2018,"Action, Adventure, Drama, Thriller",66382,2018-04-08,,,
108,tt0395169,2018-09-20,2018-09-20,,Hotel Rwanda,https://www.imdb.com/title/tt0395169/,movie,8.1,121,2004,"Biography, Drama, History, War",324267,2004-09-11,Terry George,,
109,tt0758758,2018-09-20,2018-09-20,,Into the Wild,https://www.imdb.com/title/tt0758758/,movie,8.1,148,2007,"Adventure, Biography, Drama",547629,2007-09-01,Sean Penn,,
110,tt1517451,2018-10-10,2018-10-10,,A Star Is Born,https://www.imdb.com/title/tt1517451/,movie,7.7,136,2018,"Drama, Music, Romance",304363,2018-08-31,Bradley Cooper,,
111,tt1226837,2018-10-11,2018-10-11,,Beautiful Boy,https://www.imdb.com/title/tt1226837/,movie,7.3,120,2018,"Biography, Drama",43504,2018-09-07,Felix van Groeningen,,
112,tt0265086,2018-10-22,2018-10-22,,Black Hawk Down,https://www.imdb.com/title/tt0265086/,movie,7.7,144,2001,"Drama, History, War",352576,2001-12-18,Ridley Scott,,
113,tt5613484,2018-10-29,2018-10-29,,Mid90s,https://www.imdb.com/title/tt5613484/,movie,7.4,85,2018,"Comedy, Drama",38686,2018-09-09,Jonah Hill,,
114,tt6877772,2019-02-02,2019-02-02,,American Vandal,https://www.imdb.com/title/tt6877772/,tvSeries,8.2,34,2017,"Comedy, Crime, Drama, Mystery",24793,2017-09-15,,,
115,tt1865505,2019-02-08,2019-02-08,,Song of the Sea,https://www.imdb.com/title/tt1865505/,movie,8.1,93,2014,"Animation, Adventure, Drama, Family, Fantasy",47550,2014-09-06,Tomm Moore,,
116,tt3901826,2019-02-08,2019-02-08,,The Breadwinner,https://www.imdb.com/title/tt3901826/,movie,7.7,94,2017,"Animation, Drama, Family, War",17404,2017-09-08,Nora Twomey,,
117,tt0181689,2019-02-18,2019-02-18,,Minority Report,https://www.imdb.com/title/tt0181689/,movie,7.6,145,2002,"Action, Crime, Mystery, Sci-Fi, Thriller",488843,2002-06-17,Steven Spielberg,,
118,tt7349662,2019-02-26,2019-02-26,,BlacKkKlansman,https://www.imdb.com/title/tt7349662/,movie,7.5,135,2018,"Biography, Crime, Drama",185152,2018-05-14,Spike Lee,,
119,tt0073486,2019-04-26,2019-04-26,,One Flew Over the Cuckoo's Nest,https://www.imdb.com/title/tt0073486/,movie,8.7,133,1975,Drama,873809,1975-11-19,Milos Forman,,
120,tt1231583,2019-05-14,2019-05-14,,Due Date,https://www.imdb.com/title/tt1231583/,movie,6.5,95,2010,"Comedy, Drama",314284,2010-10-31,Todd Phillips,,
121,tt2140373,2019-05-14,2019-05-14,,Saving Mr. Banks,https://www.imdb.com/title/tt2140373/,movie,7.5,125,2013,"Biography, Comedy, Drama",146608,2013-10-20,John Lee Hancock,,
122,tt3322314,2019-06-06,2019-06-06,,Luke Cage,https://www.imdb.com/title/tt3322314/,tvSeries,7.3,55,2016,"Action, Crime, Drama, Sci-Fi, Thriller",111453,2016-09-28,,,
123,tt0306414,2019-06-06,2019-06-06,,The Wire,https://www.imdb.com/title/tt0306414/,tvSeries,9.3,59,2002,"Crime, Drama, Thriller",264218,2002-06-02,,,
124,tt0914387,2019-06-10,2019-06-10,,Damages,https://www.imdb.com/title/tt0914387/,tvSeries,8.1,60,2007,"Crime, Drama, Mystery, Thriller",27095,2007-07-24,,,
125,tt2294189,2019-06-10,2019-06-10,,The Fall,https://www.imdb.com/title/tt2294189/,tvSeries,8.2,60,2013,"Crime, Drama, Thriller",71101,2013-05-12,,,
126,tt2066051,2019-06-16,2019-06-16,,Rocketman,https://www.imdb.com/title/tt2066051/,movie,7.3,121,2019,"Biography, Drama, Music, Musical",107707,2019-05-16,Dexter Fletcher,,
127,tt5688932,2019-06-21,2019-06-21,,Sorry to Bother You,https://www.imdb.com/title/tt5688932/,movie,6.9,112,2018,"Comedy, Fantasy, Sci-Fi",53246,2018-01-20,Boots Riley,,
128,tt0234215,2019-06-27,2019-06-27,,The Matrix Reloaded,https://www.imdb.com/title/tt0234215/,movie,7.2,138,2003,"Action, Sci-Fi",497447,2003-05-07,"Lilly Wachowski, Lana Wachowski",,
129,tt0242653,2019-06-27,2019-06-27,,The Matrix Revolutions,https://www.imdb.com/title/tt0242653/,movie,6.8,129,2003,"Action, Sci-Fi",432009,2003-10-27,"Lilly Wachowski, Lana Wachowski",,
130,tt0107614,2019-07-12,2019-07-12,,Mrs. Doubtfire,https://www.imdb.com/title/tt0107614/,movie,7,125,1993,"Comedy, Drama, Family",234142,1993-11-22,Chris Columbus,,
131,tt0095016,2019-07-13,2019-07-13,,Die Hard,https://www.imdb.com/title/tt0095016/,movie,8.2,132,1988,"Action, Thriller",755061,1988-07-12,John McTiernan,,
132,tt2194499,2019-08-09,2019-08-09,,About Time,https://www.imdb.com/title/tt2194499/,movie,7.8,123,2013,"Comedy, Drama, Fantasy, Romance, Sci-Fi",282649,2013-06-27,Richard Curtis,,
133,tt5912064,2019-08-10,2019-08-10,,Kim's Convenience,https://www.imdb.com/title/tt5912064/,tvSeries,8.1,22,2016,Comedy,5670,2016-10-11,,,
134,tt8772296,2019-08-31,2019-08-31,,Euphoria,https://www.imdb.com/title/tt8772296/,tvSeries,8.3,55,2019,Drama,39139,2019-06-16,,,
135,tt6900644,2019-09-02,2019-09-02,,Hasan Minhaj: Homecoming King,https://www.imdb.com/title/tt6900644/,tvSpecial,8.3,73,2017,Comedy,5718,2017-05-23,Christopher Storer,,
136,tt5726616,2019-09-08,2019-09-08,,Call Me by Your Name,https://www.imdb.com/title/tt5726616/,movie,7.9,132,2017,"Drama, Romance",185673,2017-01-22,Luca Guadagnino,,
137,tt0075686,2019-09-29,2019-09-29,,Annie Hall,https://www.imdb.com/title/tt0075686/,movie,8,93,1977,"Comedy, Romance",244382,1977-03-27,Woody Allen,,
138,tt0120815,2019-10-05,2019-10-05,,Saving Private Ryan,https://www.imdb.com/title/tt0120815/,movie,8.6,169,1998,"Drama, War",1177006,1998-07-21,Steven Spielberg,,
139,tt0125439,2019-10-06,2019-10-06,,Notting Hill,https://www.imdb.com/title/tt0125439/,movie,7.1,124,1999,"Comedy, Drama, Romance",259349,1999-05-13,Roger Michell,,
140,tt2872718,2019-10-06,2019-10-06,,Nightcrawler,https://www.imdb.com/title/tt2872718/,movie,7.9,117,2014,"Crime, Drama, Thriller",435269,2014-09-05,Dan Gilroy,,
141,tt0289879,2019-10-06,2019-10-06,,The Butterfly Effect,https://www.imdb.com/title/tt0289879/,movie,7.6,113,2004,"Drama, Sci-Fi, Thriller",437227,2004-01-17,"J. Mackye Gruber, Eric Bress",,
142,tt0443706,2019-10-06,2019-10-06,,Zodiac,https://www.imdb.com/title/tt0443706/,movie,7.7,157,2007,"Crime, Drama, Mystery, Thriller",425980,2007-02-28,David Fincher,,
143,tt1568346,2019-10-06,2019-10-06,,The Girl with the Dragon Tattoo,https://www.imdb.com/title/tt1568346/,movie,7.8,158,2011,"Crime, Drama, Mystery, Thriller",404088,2011-12-12,David Fincher,,
144,tt4955642,2019-10-30,2019-10-30,,The Good Place,https://www.imdb.com/title/tt4955642/,tvSeries,8.2,22,2016,"Comedy, Drama, Fantasy, Romance",92846,2016-09-19,,,
145,tt8543390,2019-10-30,2019-10-30,,Modern Love,https://www.imdb.com/title/tt8543390/,tvSeries,8,32,2019,"Comedy, Romance",12300,2019-10-18,,,
146,tt0482571,2019-11-02,2019-11-02,,The Prestige,https://www.imdb.com/title/tt0482571/,movie,8.5,130,2006,"Drama, Mystery, Sci-Fi, Thriller",1126328,2006-10-17,Christopher Nolan,,
147,tt0497116,2019-11-17,2019-11-17,,An Inconvenient Truth,https://www.imdb.com/title/tt0497116/,movie,7.4,96,2006,"Documentary, News",79029,2006-01-24,Davis Guggenheim,,
148,tt0181875,2019-11-17,2019-11-17,,Almost Famous,https://www.imdb.com/title/tt0181875/,movie,7.9,122,2000,"Adventure, Comedy, Drama, Music",242817,2000-09-08,Cameron Crowe,,
149,tt7653254,2019-12-09,2019-12-09,,Marriage Story,https://www.imdb.com/title/tt7653254/,movie,8,137,2019,"Comedy, Drama, Romance",203525,2019-08-29,Noah Baumbach,,
150,tt0098936,2019-12-17,2019-12-17,,Twin Peaks,https://www.imdb.com/title/tt0098936/,tvSeries,8.8,47,1990,"Crime, Drama, Mystery, Thriller",164366,1989-09-28,,,
151,tt4786824,2019-12-17,2019-12-17,,The Crown,https://www.imdb.com/title/tt4786824/,tvSeries,8.7,58,2016,"Drama, History",110266,2016-11-01,,,
152,tt5834204,2019-12-17,2019-12-17,,The Handmaid's Tale,https://www.imdb.com/title/tt5834204/,tvSeries,8.5,60,2017,"Drama, Sci-Fi, Thriller",150953,2017-04-24,,,
153,tt8637428,2019-12-17,2019-12-17,,The Farewell,https://www.imdb.com/title/tt8637428/,movie,7.6,100,2019,"Comedy, Drama",36406,2019-01-25,Lulu Wang,10,2019-12-17
154,tt6333058,2019-12-17,2019-12-17,,Dina,https://www.imdb.com/title/tt6333058/,movie,6.8,103,2017,Documentary,626,2017-01-20,"Antonio Santini, Dan Sickles",,
155,tt7126948,2019-12-17,2019-12-17,,Wonder Woman 1984,https://www.imdb.com/title/tt7126948/,movie,,,2020,"Action, Adventure, Fantasy",,2020-08-12,Patty Jenkins,,
156,tt3480822,2019-12-17,2019-12-17,,Black Widow,https://www.imdb.com/title/tt3480822/,movie,,,2020,"Action, Adventure, Sci-Fi",,2020-10-29,Cate Shortland,,
157,tt9032400,2019-12-17,2019-12-17,,Eternals,https://www.imdb.com/title/tt9032400/,movie,,,2021,"Action, Adventure, Drama, Fantasy, Sci-Fi",,2021-02-11,Chloé Zhao,,
158,tt0903747,2019-12-17,2019-12-17,,Breaking Bad,https://www.imdb.com/title/tt0903747/,tvSeries,9.5,49,2008,"Crime, Drama, Thriller",1335469,2008-01-20,,,
159,tt7366338,2019-12-17,2019-12-17,,Chernobyl,https://www.imdb.com/title/tt7366338/,tvMiniSeries,9.4,330,2019,"Drama, History, Thriller",445564,2019-05-06,,,
160,tt6769208,2019-12-17,2019-12-17,,Blue Planet II,https://www.imdb.com/title/tt6769208/,tvMiniSeries,9.4,364,2017,Documentary,28314,2017-10-29,,,
161,tt0417299,2019-12-17,2019-12-17,,Avatar: The Last Airbender,https://www.imdb.com/title/tt0417299/,tvSeries,9.2,23,2005,"Animation, Action, Adventure, Family, Fantasy, Mystery",211730,2005-02-21,,10,2013-11-30
162,tt2356777,2019-12-17,2019-12-17,,True Detective,https://www.imdb.com/title/tt2356777/,tvSeries,9,55,2014,"Crime, Drama, Mystery, Thriller",472074,2014-01-12,,,
163,tt0443453,2019-12-20,2019-12-20,,Borat: Cultural Learnings of America for Make Benefit Glorious Nation of Kazakhstan,https://www.imdb.com/title/tt0443453/,movie,7.3,84,2006,Comedy,342195,2006-08-04,Larry Charles,,
164,tt1645170,2019-12-20,2019-12-20,,The Dictator,https://www.imdb.com/title/tt1645170/,movie,6.4,83,2012,Comedy,262280,2012-05-16,Larry Charles,,
165,tt5347906,2019-12-29,2019-12-29,,Cooked,https://www.imdb.com/title/tt5347906/,tvMiniSeries,8.1,60,2016,Documentary,2434,2016-02-19,,,
166,tt10971532,2019-12-29,2019-12-29,,Queer Eye: We're in Japan!,https://www.imdb.com/title/tt10971532/,tvSeries,8.3,,2019,Reality-TV,1149,2019-11-01,,,
167,tt4295140,2019-12-29,2019-12-29,,Chef's Table,https://www.imdb.com/title/tt4295140/,tvSeries,8.6,50,2015,Documentary,12020,2015-02-12,,,
168,tt10050778,2019-12-29,2019-12-29,,Street Food,https://www.imdb.com/title/tt10050778/,tvSeries,8,30,2019,Documentary,1585,2019-04-26,,,
169,tt6821044,2020-01-07,2020-01-07,,The Loudest Voice,https://www.imdb.com/title/tt6821044/,tvMiniSeries,7.9,50,2019,"Biography, Drama",8076,2019-06-30,,,
170,tt5189670,2020-01-20,2020-01-20,,Making a Murderer,https://www.imdb.com/title/tt5189670/,tvSeries,8.6,60,2015,"Documentary, Crime",82223,2015-12-18,,,
171,tt7203552,2020-01-28,2020-01-28,,The Morning Show,https://www.imdb.com/title/tt7203552/,tvSeries,8.4,60,2019,Drama,31623,2019-10-28,,,
172,tt7335184,2020-01-30,2020-01-30,,You,https://www.imdb.com/title/tt7335184/,tvSeries,7.8,45,2018,"Crime, Drama, Romance, Thriller",119086,2018-09-09,,,
173,tt8111088,2020-01-30,2020-01-30,,The Mandalorian,https://www.imdb.com/title/tt8111088/,tvSeries,8.7,30,2019,"Action, Adventure, Sci-Fi",155470,2019-11-12,,,
174,tt1190634,2020-01-30,2020-01-30,,The Boys,https://www.imdb.com/title/tt1190634/,tvSeries,8.7,60,2019,"Action, Comedy, Crime, Sci-Fi",139431,2019-07-16,,,
175,tt2584384,2020-02-10,2020-02-10,,Jojo Rabbit,https://www.imdb.com/title/tt2584384/,movie,7.9,108,2019,"Comedy, Drama, War",194227,2019-09-08,Taika Waititi,,
176,tt8579674,2020-02-13,2020-02-13,,1917,https://www.imdb.com/title/tt8579674/,movie,8.3,119,2019,"Drama, War",280464,2019-12-04,Sam Mendes,,
177,tt1302006,2020-02-13,2020-02-13,,The Irishman,https://www.imdb.com/title/tt1302006/,movie,7.9,209,2019,"Biography, Crime, Drama",276756,2019-09-27,Martin Scorsese,,
178,tt1950186,2020-02-13,2020-02-13,,Ford v Ferrari,https://www.imdb.com/title/tt1950186/,movie,8.1,152,2019,"Action, Biography, Drama, Sport",198771,2019-08-30,James Mangold,,
179,tt6155172,2020-02-19,2020-02-19,,Roma,https://www.imdb.com/title/tt6155172/,movie,7.7,135,2018,Drama,127919,2018-08-30,Alfonso Cuarón,,
180,tt4975722,2020-02-19,2020-02-19,,Moonlight,https://www.imdb.com/title/tt4975722/,movie,7.4,111,2016,Drama,252506,2016-09-02,Barry Jenkins,,
181,tt6966692,2020-02-19,2020-02-19,,Green Book,https://www.imdb.com/title/tt6966692/,movie,8.2,130,2018,"Biography, Comedy, Drama, Music",311829,2018-09-11,Peter Farrelly,,
182,tt0230011,2020-03-13,2020-03-13,,Atlantis: The Lost Empire,https://www.imdb.com/title/tt0230011/,movie,6.9,95,2001,"Animation, Action, Adventure, Family, Fantasy, Sci-Fi",98365,2001-06-02,"Kirk Wise, Gary Trousdale",,
183,tt0133240,2020-03-13,2020-03-13,,Treasure Planet,https://www.imdb.com/title/tt0133240/,movie,7.2,95,2002,"Animation, Adventure, Family, Sci-Fi",96563,2002-11-05,"Ron Clements, John Musker",,
184,tt0120917,2020-03-13,2020-03-13,,The Emperor's New Groove,https://www.imdb.com/title/tt0120917/,movie,7.3,78,2000,"Animation, Adventure, Comedy, Family, Fantasy",170909,2000-12-10,Mark Dindal,,
185,tt7660850,2020-03-17,2020-03-17,,Succession,https://www.imdb.com/title/tt7660850/,tvSeries,8.5,60,2018,Drama,26051,2018-06-03,,,
186,tt5687612,2020-03-17,2020-03-17,,Fleabag,https://www.imdb.com/title/tt5687612/,tvSeries,8.7,27,2016,"Comedy, Drama",68720,2016-07-21,,,
187,tt2649356,2020-03-17,2020-03-17,,Sharp Objects,https://www.imdb.com/title/tt2649356/,tvMiniSeries,8.2,421,2018,"Crime, Drama, Mystery, Thriller",58738,2018-06-07,,,
188,tt7049682,2020-03-17,2020-03-17,,Watchmen,https://www.imdb.com/title/tt7049682/,tvMiniSeries,8.1,60,2019,"Action, Drama, Mystery, Sci-Fi",64883,2019-10-20,,,
189,tt0105236,2020-03-17,2020-03-17,,Reservoir Dogs,https://www.imdb.com/title/tt0105236/,movie,8.3,99,1992,"Crime, Drama, Thriller",877703,1992-01-21,Quentin Tarantino,,
190,tt0114814,2020-03-17,2020-03-17,,The Usual Suspects,https://www.imdb.com/title/tt0114814/,movie,8.5,106,1995,"Crime, Mystery, Thriller",949644,1995-01-25,Bryan Singer,,
191,tt8714904,2020-03-27,2020-03-27,,Narcos: Mexico,https://www.imdb.com/title/tt8714904/,tvSeries,8.4,50,2018,"Crime, Drama",50828,2018-11-16,,7,2020-04-03
192,tt0367279,2020-04-03,2020-04-03,,Arrested Development,https://www.imdb.com/title/tt0367279/,tvSeries,8.7,22,2003,Comedy,266038,2003-11-02,,,
193,tt0472954,2020-04-03,2020-04-03,,It's Always Sunny in Philadelphia,https://www.imdb.com/title/tt0472954/,tvSeries,8.8,22,2005,Comedy,180456,2005-08-04,,,
194,tt0264235,2020-04-03,2020-04-03,,Curb Your Enthusiasm,https://www.imdb.com/title/tt0264235/,tvSeries,8.7,28,2000,Comedy,95114,2000-10-15,,,
195,tt0317910,2020-04-07,2020-04-07,,The Fog of War: Eleven Lessons from the Life of Robert S. McNamara,https://www.imdb.com/title/tt0317910/,movie,8.1,107,2003,"Documentary, Biography, History, War",22219,2003-05-21,Errol Morris,,
196,tt5071412,2020-04-17,2020-04-17,,Ozark,https://www.imdb.com/title/tt5071412/,tvSeries,8.4,60,2017,"Crime, Drama, Thriller",139358,2017-07-21,,,
197,tt5555260,2020-04-18,2020-04-18,,This Is Us,https://www.imdb.com/title/tt5555260/,tvSeries,8.7,45,2016,"Comedy, Drama, Romance",91544,2016-09-20,,,
198,tt2707408,2020-04-18,2020-04-18,,Narcos,https://www.imdb.com/title/tt2707408/,tvSeries,8.8,49,2015,"Biography, Crime, Drama, Thriller",326477,2015-08-28,,10,2020-03-27
199,tt0475784,2020-04-19,2020-04-19,,Westworld,https://www.imdb.com/title/tt0475784/,tvSeries,8.7,62,2016,"Drama, Mystery, Sci-Fi, Western",389629,2016-09-30,,10,2018-07-09